open_time,open,high,low,close,volume,close_time,quote_volume,trades,taker_buy_base,taker_buy_quote,ignore
1717200000000,1.09510000,1.10690000,1.09190000,1.10220000,834832.40000000,1717214399999,918222.13422000,4754,517090.00000000,568515.31776000,0
1717214400000,1.10220000,1.10500000,1.09380000,1.09480000,1097942.50000000,1717228799999,1205757.39775000,7386,494651.60000000,543475.09989000,0
1717228800000,1.09500000,1.09940000,1.08800000,1.09090000,874662.40000000,1717243199999,956345.80890000,7529,401819.50000000,439277.27731000,0
1717243200000,1.09040000,1.10200000,1.08780000,1.09790000,1293194.00000000,1717257599999,1416337.69133000,8126,588917.10000000,644665.68281000,0
1717257600000,1.09810000,1.10060000,1.09260000,1.09690000,1012609.20000000,1717271999999,1110225.29114000,4510,410177.70000000,449858.23589000,0
1717272000000,1.09670000,1.10730000,1.09390000,1.09760000,1015598.70000000,1717286399999,1116850.34740000,5329,548741.10000000,603454.51365000,0
1717286400000,1.09680000,1.10350000,1.08600000,1.09060000,1304073.10000000,1717300799999,1428088.59355000,8941,670052.40000000,733464.99286000,0
1717300800000,1.09060000,1.09330000,1.08150000,1.08160000,1828964.70000000,1717315199999,1986338.40080000,8983,846680.00000000,920382.29002000,0
1717315200000,1.08170000,1.09480000,1.07850000,1.09400000,2540611.60000000,1717329599999,2751959.14085000,11089,977893.70000000,1059561.61868000,0
1717329600000,1.09430000,1.09900000,1.08580000,1.09060000,2158945.80000000,1717343999999,2359259.08472000,9986,1089891.50000000,1191481.53046000,0
1717344000000,1.09060000,1.09380000,1.05500000,1.06670000,3623294.10000000,1717358399999,3875702.85036000,18004,1864676.90000000,1994256.50446000,0
1717358400000,1.06580000,1.06930000,1.05260000,1.06450000,1294896.80000000,1717372799999,1376972.73314000,6024,698002.30000000,742079.52511000,0
1717372800000,1.06490000,1.08690000,1.05500000,1.07940000,1353034.30000000,1717387199999,1456535.38109000,7404,594356.50000000,639674.40005000,0
1717387200000,1.08090000,1.09970000,1.06670000,1.09580000,2016950.10000000,1717401599999,2186025.53033000,9234,949381.50000000,1029329.98416000,0
1717401600000,1.09650000,1.10810000,1.08940000,1.09490000,2249919.50000000,1717415999999,2470396.13077000,14567,1216652.30000000,1336543.72534000,0
1717416000000,1.09550000,1.11790000,1.08200000,1.09950000,3042616.10000000,1717430399999,3346619.95182000,15349,1669641.90000000,1836327.55845000,0
1717430400000,1.10000000,1.10380000,1.08010000,1.10320000,1721281.90000000,1717444799999,1879274.80563000,7353,1100385.50000000,1201135.21817000,0
1717444800000,1.10300000,1.10630000,1.08690000,1.09100000,881214.40000000,1717459199999,965911.55517000,4179,484599.70000000,531243.54863000,0
1717459200000,1.09120000,1.10740000,1.08820000,1.10310000,1090571.40000000,1717473599999,1199233.61604000,6043,513119.10000000,564181.88608000,0
1717473600000,1.10240000,1.10680000,1.08650000,1.08940000,1406708.80000000,1717487999999,1538825.72139000,7246,739543.60000000,809158.66318000,0
1717488000000,1.08950000,1.09870000,1.07480000,1.08590000,1699464.40000000,1717502399999,1842792.24141000,10340,977840.60000000,1060411.16581000,0
1717502400000,1.08640000,1.11970000,1.08330000,1.11910000,2679441.00000000,1717516799999,2959107.49636000,14717,1360907.70000000,1503464.60574000,0
1717516800000,1.11930000,1.13690000,1.11440000,1.12760000,3392998.70000000,1717531199999,3813444.96582000,14140,1806704.20000000,2030253.18478000,0
1717531200000,1.12680000,1.14840000,1.11870000,1.14670000,1338043.20000000,1717545599999,1517790.30539000,7379,714065.50000000,810119.80343000,0
1717545600000,1.14670000,1.18420000,1.14280000,1.16300000,5295742.90000000,1717559999999,6170583.88362000,23570,2871143.60000000,3346713.85393000,0
1717560000000,1.16250000,1.17910000,1.15950000,1.16730000,3092528.70000000,1717574399999,3617458.56749000,14214,1582226.70000000,1850925.96586000,0
1717574400000,1.16730000,1.16910000,1.14690000,1.15370000,2982260.30000000,1717588799999,3450354.75775000,13186,1610216.90000000,1863480.33899000,0
1717588800000,1.15380000,1.17790000,1.14000000,1.16980000,3364808.60000000,1717603199999,3893692.02724000,15066,1789475.20000000,2070635.11072000,0
1717603200000,1.17000000,1.17760000,1.15070000,1.15830000,2312656.50000000,1717617599999,2691821.27974000,10490,1276712.70000000,1486049.02826000,0
1717617600000,1.15870000,1.16230000,1.15360000,1.15870000,578830.70000000,1717631999999,670719.81395000,3846,299906.50000000,347561.51179000,0
1717632000000,1.15870000,1.16820000,1.15390000,1.15580000,1272811.90000000,1717646399999,1478585.40705000,7082,650381.90000000,755151.55924000,0
1717646400000,1.15550000,1.15700000,1.12510000,1.13860000,2346993.80000000,1717660799999,2672512.46188000,12094,1354369.10000000,1542408.58990000,0
1717660800000,1.13820000,1.14450000,1.11820000,1.13740000,3800082.50000000,1717675199999,4302139.59078000,13482,1382532.60000000,1566086.29211000,0
1717675200000,1.13720000,1.14300000,1.13140000,1.13320000,1256698.90000000,1717689599999,1427873.75145000,9011,669890.20000000,761034.40614000,0
1717689600000,1.13320000,1.13480000,1.10540000,1.10780000,1424084.40000000,1717703999999,1599068.38589000,10488,647483.20000000,727679.94485000,0
1717704000000,1.10770000,1.12220000,1.09880000,1.11720000,936204.00000000,1717718399999,1043530.68583000,9073,450717.10000000,503149.55438000,0
1717718400000,1.11750000,1.12470000,1.09750000,1.11190000,2487972.10000000,1717732799999,2760343.77621000,10878,1148556.80000000,1273247.62683000,0
1717732800000,1.11200000,1.12350000,1.11130000,1.11870000,1071392.60000000,1717747199999,1198233.03005000,7364,613810.60000000,686415.60015000,0
1717747200000,1.11900000,1.12600000,1.11070000,1.12290000,918205.70000000,1717761599999,1026959.08169000,5391,503856.70000000,563510.63956000,0
1717761600000,1.12360000,1.12900000,1.09300000,1.11120000,3203349.60000000,1717775999999,3562299.30036000,18237,1737803.80000000,1930772.71823000,0
1717776000000,1.11100000,1.11570000,0.93110000,1.03010000,15950135.30000000,1717790399999,16331972.94289000,86899,6768686.60000000,6914096.93454000,0
1717790400000,1.03040000,1.03880000,1.02060000,1.03220000,1825280.00000000,1717804799999,1880629.85477000,10159,945892.20000000,974688.12486000,0
1717804800000,1.03210000,1.04350000,1.02570000,1.03070000,1387778.80000000,1717819199999,1432587.00233000,7147,614537.10000000,634766.82698000,0
1717819200000,1.03060000,1.03060000,1.01680000,1.02910000,1543838.20000000,1717833599999,1580846.33442000,7675,739142.30000000,756886.43476000,0
1717833600000,1.02880000,1.02950000,0.98910000,0.99540000,2231199.60000000,1717847999999,2255473.59002000,11072,1127799.10000000,1140949.24408000,0
1717848000000,0.99520000,1.00640000,0.97280000,0.99230000,4121330.70000000,1717862399999,4083230.86447000,21173,2197315.70000000,2176225.11080000,0
1717862400000,0.99220000,0.99640000,0.97570000,0.98580000,1682217.50000000,1717876799999,1657151.04623000,8848,893983.50000000,880607.15058000,0
1717876800000,0.98580000,0.99140000,0.97220000,0.97350000,1182058.00000000,1717891199999,1159682.04518000,6819,564081.90000000,553625.48290000,0
1717891200000,0.97330000,0.98160000,0.95820000,0.96690000,2026419.00000000,1717905599999,1965466.18849000,9271,947165.70000000,918414.88384000,0
1717905600000,0.96730000,0.98490000,0.96080000,0.98150000,988385.60000000,1717919999999,965024.51106000,5000,464236.00000000,453193.48028000,0
1717920000000,0.98170000,0.99310000,0.97920000,0.99110000,1061145.60000000,1717934399999,1048138.66929000,6396,471080.00000000,465275.20406000,0
1717934400000,0.99100000,1.01320000,0.98860000,1.00890000,2066836.10000000,1717948799999,2073748.13331000,10622,1051717.50000000,1055375.74512000,0
1717948800000,1.00890000,1.02100000,1.00480000,1.01660000,1042983.80000000,1717963199999,1055567.10763000,6091,549889.10000000,556629.94729000,0
1717963200000,1.01660000,1.01720000,1.00570000,1.01090000,658984.80000000,1717977599999,666574.18026000,4048,278334.90000000,281628.30530000,0
1717977600000,1.01010000,1.01320000,0.99370000,0.99870000,940248.30000000,1717991999999,943989.42845000,5640,417876.50000000,419483.94053000,0
1717992000000,0.99850000,1.00540000,0.97020000,0.97170000,2056895.30000000,1718006399999,2036008.98182000,11207,1049061.60000000,1037589.41498000,0
1718006400000,0.97170000,0.99610000,0.97170000,0.98500000,1663051.10000000,1718020799999,1643515.76497000,8370,845628.30000000,835835.64409000,0
1718020800000,0.98510000,1.01610000,0.97360000,1.00760000,2315275.30000000,1718035199999,2296653.93815000,10167,1383952.30000000,1374766.70925000,0
1718035200000,1.00830000,1.01050000,0.98320000,0.98520000,1898567.00000000,1718049599999,1895799.92510000,9482,931103.40000000,929806.76951000,0
1718049600000,0.98440000,0.98640000,0.96330000,0.96970000,1649982.90000000,1718063999999,1607755.98442000,8269,864328.90000000,842062.46146000,0
1718064000000,0.96970000,0.97640000,0.93810000,0.94600000,3505839.10000000,1718078399999,3336937.17733000,18519,1729710.80000000,1646464.93083000,0
1718078400000,0.94580000,0.94710000,0.92280000,0.94090000,3302472.40000000,1718092799999,3092689.69811000,14212,1410014.70000000,1321255.91366000,0
1718092800000,0.94070000,0.95530000,0.93730000,0.94660000,2113461.00000000,1718107199999,1997070.15800000,9287,988061.20000000,934244.40154000,0
1718107200000,0.94620000,0.95300000,0.90000000,0.91040000,3926597.10000000,1718121599999,3634244.30552000,25106,1949754.70000000,1806843.44669000,0
1718121600000,0.91010000,0.93180000,0.89540000,0.92760000,3726744.00000000,1718135999999,3412447.83163000,15795,1925944.90000000,1766157.77154000,0
1718136000000,0.92770000,0.93310000,0.92270000,0.92680000,1030267.40000000,1718150399999,955783.09760000,5723,551599.10000000,511884.19362000,0
1718150400000,0.92680000,0.93340000,0.89950000,0.93230000,2633196.30000000,1718164799999,2403156.03509000,12156,1319863.30000000,1206093.58843000,0
1718164800000,0.93260000,0.94620000,0.93140000,0.93920000,1311938.60000000,1718179199999,1230031.08931000,8608,701406.50000000,657604.59088000,0
1718179200000,0.93930000,0.97000000,0.93160000,0.93860000,2363647.40000000,1718193599999,2234470.53212000,10326,1336383.20000000,1265360.70693000,0
1718193600000,0.93840000,1.01250000,0.93670000,0.99620000,8298085.80000000,1718207999999,8224892.25180000,36049,4382179.60000000,4340224.42968000,0
1718208000000,0.99620000,1.00230000,0.94250000,0.95450000,5383928.10000000,1718222399999,5271609.30361000,30107,2352560.40000000,2302461.96496000,0
1718222400000,0.95450000,0.97290000,0.94990000,0.96950000,1178114.90000000,1718236799999,1137160.28307000,5566,651804.60000000,628931.35587000,0
1718236800000,0.96960000,0.97150000,0.91730000,0.92890000,4204485.60000000,1718251199999,3936321.12535000,15492,2487724.90000000,2326871.97857000,0
1718251200000,0.92910000,0.94170000,0.92570000,0.93540000,1618854.90000000,1718265599999,1513695.87744000,12017,853976.50000000,798575.18790000,0
1718265600000,0.93530000,0.93960000,0.92000000,0.92330000,1572305.20000000,1718279999999,1461699.54688000,8371,747389.40000000,695079.74368000,0
1718280000000,0.92310000,0.94750000,0.90390000,0.90820000,5445335.50000000,1718294399999,5057803.49204000,21667,2829511.20000000,2626914.24725000,0
1718294400000,0.90800000,0.92550000,0.90130000,0.91370000,2124697.10000000,1718308799999,1944139.17853000,8423,1114610.40000000,1019400.42360000,0
1718308800000,0.91320000,0.91770000,0.89950000,0.90380000,1326031.70000000,1718323199999,1201071.73818000,7167,714387.90000000,647265.56406000,0
1718323200000,0.90390000,0.91430000,0.89110000,0.90270000,2304178.30000000,1718337599999,2079319.51516000,11043,1046195.00000000,944643.74709000,0
1718337600000,0.90280000,0.91450000,0.89850000,0.90680000,1479829.60000000,1718351999999,1341548.70425000,6969,861879.10000000,781568.89415000,0
1718352000000,0.90700000,0.91930000,0.90400000,0.91420000,1350511.60000000,1718366399999,1233807.81789000,7457,617584.80000000,564038.14630000,0
1718366400000,0.91460000,0.93260000,0.88310000,0.88730000,3904783.90000000,1718380799999,3543755.17009000,16139,2196016.30000000,1994477.29223000,0
1718380800000,0.88770000,0.88960000,0.82000000,0.84980000,7993254.70000000,1718395199999,6832703.19328000,39431,4554959.30000000,3895922.19432000,0
1718395200000,0.85050000,0.87560000,0.84920000,0.86780000,1463141.00000000,1718409599999,1260356.82525000,6648,897911.50000000,772739.30676000,0
1718409600000,0.86780000,0.88000000,0.86620000,0.88000000,911825.10000000,1718423999999,796386.70169000,4479,502760.40000000,438933.35001000,0
1718424000000,0.88000000,0.88780000,0.87220000,0.87800000,749549.50000000,1718438399999,660039.52611000,3996,403557.80000000,355175.43574000,0
1718438400000,0.87800000,0.88300000,0.87240000,0.88000000,738897.10000000,1718452799999,648184.08257000,6879,355283.30000000,311757.74524000,0
1718452800000,0.88020000,0.88800000,0.87670000,0.88070000,707128.40000000,1718467199999,623585.75077000,3791,415810.50000000,366663.72158000,0
1718467200000,0.88060000,0.88520000,0.86190000,0.86710000,1677773.40000000,1718481599999,1469249.76679000,8561,716047.00000000,626419.37100000,0
1718481600000,0.86660000,0.87220000,0.85920000,0.87000000,700904.70000000,1718495999999,607230.06048000,3936,400028.20000000,346472.08440000,0
1718496000000,0.87020000,0.87210000,0.85180000,0.85470000,884555.50000000,1718510399999,762878.67721000,4348,426029.00000000,367872.62590000,0
1718510400000,0.85460000,0.86800000,0.84810000,0.86450000,677284.70000000,1718524799999,581041.97207000,4137,346262.40000000,297059.62992000,0
1718524800000,0.86440000,0.87680000,0.86040000,0.87060000,778022.40000000,1718539199999,675308.45225000,4961,353594.40000000,307041.70004000,0
1718539200000,0.87040000,0.90460000,0.87010000,0.90230000,1967113.70000000,1718553599999,1733182.85619000,8346,1086305.00000000,957084.46068000,0
1718553600000,0.90240000,0.91320000,0.89640000,0.91240000,2549853.90000000,1718567999999,2309765.78706000,9714,1507005.90000000,1365613.99382000,0
1718568000000,0.91220000,0.93040000,0.90710000,0.92720000,1970045.50000000,1718582399999,1814807.22302000,7593,1083010.30000000,997422.09800000,0
1718582400000,0.92720000,0.93680000,0.90130000,0.90600000,2252859.80000000,1718596799999,2065301.14368000,9893,1064689.70000000,975639.94215000,0
1718596800000,0.90620000,0.92160000,0.88400000,0.89010000,3399024.70000000,1718611199999,3063442.21685000,14422,1737629.10000000,1565140.24895000,0
1718611200000,0.89020000,0.89350000,0.85100000,0.85630000,4419101.80000000,1718625599999,3841131.50377000,18053,2394787.50000000,2081610.01317000,0
1718625600000,0.85620000,0.86350000,0.83810000,0.84420000,2615677.70000000,1718639999999,2228486.42545000,10147,1292101.20000000,1101479.61379000,0
1718640000000,0.84530000,0.89110000,0.82000000,0.87720000,5342327.40000000,1718654399999,4620775.58341000,19746,2850988.30000000,2465541.05029000,0
1718654400000,0.87720000,0.87780000,0.85370000,0.85600000,1933331.50000000,1718668799999,1667953.67575000,8244,1212284.60000000,1045694.77386000,0
1718668800000,0.85630000,0.86180000,0.70810000,0.77720000,13557817.10000000,1718683199999,10598266.58371000,60328,6908973.30000000,5413356.49999000,0
1718683200000,0.77740000,0.79680000,0.77030000,0.78130000,3229690.30000000,1718697599999,2532701.20400000,11514,1656301.90000000,1299548.43652000,0
1718697600000,0.78130000,0.78450000,0.72760000,0.74970000,8966194.80000000,1718711999999,6772602.60287000,24402,3414059.40000000,2593969.05301000,0
1718712000000,0.74990000,0.75330000,0.70440000,0.73860000,8146659.90000000,1718726399999,5950052.62609000,26657,4392999.90000000,3210123.98489000,0
1718726400000,0.73880000,0.74070000,0.70510000,0.71980000,4513668.20000000,1718740799999,3247115.37261000,14455,2276785.90000000,1638816.37770000,0
1718740800000,0.71960000,0.75280000,0.71250000,0.73970000,3875042.60000000,1718755199999,2842925.88641000,13024,2220388.50000000,1631161.30194000,0
1718755200000,0.73960000,0.77390000,0.72560000,0.76350000,4557722.10000000,1718769599999,3400038.90064000,15490,2294696.80000000,1713940.15018000,0
1718769600000,0.76380000,0.77580000,0.75270000,0.75500000,3132476.00000000,1718783999999,2406622.66097000,9828,1693732.70000000,1301824.81665000,0
1718784000000,0.75540000,0.75710000,0.72230000,0.72910000,3595460.30000000,1718798399999,2645553.76114000,11552,1724453.80000000,1269138.95679000,0
1718798400000,0.72900000,0.77420000,0.70910000,0.75470000,6740328.00000000,1718812799999,5003980.77128000,21743,3679025.50000000,2730471.51089000,0
1718812800000,0.75470000,0.79970000,0.74730000,0.77520000,8834687.00000000,1718827199999,6834489.14652000,35682,4870923.00000000,3770487.44536000,0
1718827200000,0.77560000,0.78370000,0.76270000,0.77320000,2157940.60000000,1718841599999,1664044.30371000,7924,998844.40000000,770460.56721000,0
1718841600000,0.77330000,0.79550000,0.76540000,0.76810000,3335573.50000000,1718855999999,2590004.77959000,12484,1687076.80000000,1309485.24603000,0
1718856000000,0.76790000,0.79750000,0.75520000,0.79200000,4194418.40000000,1718870399999,3255928.33601000,15940,2032656.50000000,1579163.83494000,0
1718870400000,0.79230000,0.83340000,0.78430000,0.81390000,5484041.40000000,1718884799999,4435549.68612000,20320,2971732.20000000,2403740.75421000,0
1718884800000,0.81490000,0.82230000,0.76520000,0.76870000,6532136.40000000,1718899199999,5154273.81843000,21960,3291205.50000000,2597590.14443000,0
1718899200000,0.76850000,0.78850000,0.75690000,0.77900000,3027828.90000000,1718913599999,2334602.88442000,13465,1580615.90000000,1218164.98951000,0
1718913600000,0.77940000,0.78550000,0.76570000,0.76640000,1666804.40000000,1718927999999,1295732.41802000,7037,841670.10000000,654550.11868000,0
1718928000000,0.76680000,0.78980000,0.75080000,0.76440000,2351214.00000000,1718942399999,1805512.84641000,11119,1262534.50000000,969356.62408000,0
1718942400000,0.76410000,0.77340000,0.74470000,0.74960000,1845144.80000000,1718956799999,1400965.12803000,9721,958284.20000000,727426.29772000,0
1718956800000,0.74940000,0.76910000,0.73110000,0.75630000,3363908.60000000,1718971199999,2532925.02326000,16434,1662666.90000000,1250778.58221000,0
1718971200000,0.75610000,0.77550000,0.74310000,0.75610000,3083455.60000000,1718985599999,2339927.05664000,16445,1644134.30000000,1247374.31934000,0
1718985600000,0.75620000,0.76650000,0.73630000,0.75970000,2189295.20000000,1718999999999,1645607.23471000,11560,1252840.70000000,941562.96390000,0
1719000000000,0.75910000,0.77400000,0.75390000,0.76550000,1812235.00000000,1719014399999,1386013.39682000,8315,1111329.80000000,849752.03437000,0
1719014400000,0.76550000,0.78670000,0.75520000,0.77220000,2132427.20000000,1719028799999,1638744.28769000,9142,1259932.50000000,968444.57122000,0
1719028800000,0.77250000,0.79180000,0.76980000,0.78260000,1616968.00000000,1719043199999,1262385.17959000,6665,881345.20000000,688187.84473000,0
1719043200000,0.78280000,0.78840000,0.77200000,0.78550000,1869623.80000000,1719057599999,1456925.44282000,7791,861829.70000000,671646.69226000,0
1719057600000,0.78560000,0.79150000,0.77940000,0.78370000,1874812.10000000,1719071999999,1473157.92727000,7918,981059.30000000,770851.71338000,0
1719072000000,0.78360000,0.78870000,0.77650000,0.78120000,1100855.00000000,1719086399999,860168.63830000,5120,593210.70000000,463491.75966000,0
1719086400000,0.78120000,0.78170000,0.76940000,0.77520000,925831.20000000,1719100799999,717174.41708000,3403,586522.70000000,454036.06686000,0
1719100800000,0.77520000,0.78750000,0.77310000,0.78320000,1009576.90000000,1719115199999,788321.63319000,4223,474264.20000000,370213.55014000,0
1719115200000,0.78330000,0.78470000,0.77410000,0.77760000,914501.30000000,1719129599999,711642.96477000,3192,419485.70000000,326285.75349000,0
1719129600000,0.77770000,0.78540000,0.76880000,0.77240000,752773.00000000,1719143999999,584433.63395000,3454,422531.30000000,327974.14502000,0
1719144000000,0.77250000,0.78500000,0.75390000,0.75810000,1871857.10000000,1719158399999,1439143.62472000,7214,904747.50000000,696569.52651000,0
1719158400000,0.75810000,0.75990000,0.74310000,0.75070000,2189561.70000000,1719172799999,1641496.32506000,7369,935419.40000000,702188.27418000,0
1719172800000,0.75090000,0.75090000,0.73240000,0.73500000,1700400.60000000,1719187199999,1258699.30208000,6986,769058.00000000,569625.58039000,0
1719187200000,0.73510000,0.74650000,0.72000000,0.72860000,2350050.90000000,1719201599999,1717689.43966000,9393,1171247.90000000,855678.96983000,0
1719201600000,0.72890000,0.73280000,0.70390000,0.71650000,4500332.00000000,1719215999999,3218512.42792000,14477,2359800.10000000,1687937.69663000,0
1719216000000,0.71670000,0.72920000,0.67870000,0.72040000,6203377.10000000,1719230399999,4428856.81734000,21053,3155148.80000000,2255476.78694000,0
1719230400000,0.72000000,0.74340000,0.71840000,0.72530000,3465879.80000000,1719244799999,2535565.81711000,11718,1832668.30000000,1340835.03707000,0
1719244800000,0.72550000,0.74880000,0.72220000,0.73310000,4449173.30000000,1719259199999,3267659.34794000,18122,2403502.90000000,1766138.19919000,0
1719259200000,0.73310000,0.77420000,0.72230000,0.76920000,4584249.30000000,1719273599999,3444623.17464000,15030,2721865.70000000,2047792.36057000,0
1719273600000,0.76920000,0.79370000,0.75640000,0.78700000,7007452.90000000,1719287999999,5391118.87886000,19116,3931223.40000000,3025102.39286000,0
1719288000000,0.78730000,0.79440000,0.77650000,0.77700000,2915551.00000000,1719302399999,2291694.60820000,9992,1517274.30000000,1193069.18673000,0
1719302400000,0.77760000,0.80530000,0.76840000,0.79660000,4170259.60000000,1719316799999,3290627.64210000,16408,2071383.50000000,1635112.96783000,0
1719316800000,0.79650000,0.83180000,0.79350000,0.82430000,6395736.20000000,1719331199999,5197827.29283000,19830,3294645.70000000,2675003.12634000,0
1719331200000,0.82400000,0.82640000,0.80870000,0.81940000,3708767.80000000,1719345599999,3035965.65483000,13208,2000273.60000000,1636566.71968000,0
1719345600000,0.81950000,0.82090000,0.80190000,0.80700000,1278263.00000000,1719359999999,1039258.32596000,5811,626607.60000000,509636.17536000,0
1719360000000,0.80700000,0.82490000,0.79940000,0.81050000,2548787.70000000,1719374399999,2072263.18537000,12751,1402419.60000000,1140050.42858000,0
1719374400000,0.81090000,0.81320000,0.79240000,0.80040000,2209405.90000000,1719388799999,1766090.35707000,8513,1032371.40000000,825170.42956000,0
1719388800000,0.80040000,0.80200000,0.78240000,0.79040000,1906649.00000000,1719403199999,1504947.40479000,9019,934885.90000000,738115.54501000,0
1719403200000,0.78990000,0.81300000,0.78400000,0.78930000,2588192.80000000,1719417599999,2057816.25596000,8030,1321117.70000000,1051852.13702000,0
1719417600000,0.78930000,0.79410000,0.76900000,0.78980000,2047634.90000000,1719431999999,1594653.80110000,8086,992999.30000000,773518.40319000,0
1719432000000,0.78970000,0.79900000,0.78050000,0.78310000,910453.80000000,1719446399999,717721.26646000,5682,443635.80000000,349760.71635000,0
1719446400000,0.78380000,0.78620000,0.77350000,0.78090000,1568395.70000000,1719460799999,1222334.66768000,6762,750120.30000000,584541.73403000,0
1719460800000,0.78130000,0.78430000,0.76650000,0.77040000,1797528.80000000,1719475199999,1387122.06275000,5415,1120478.80000000,864336.04130000,0
1719475200000,0.77040000,0.80110000,0.76820000,0.79410000,2191938.60000000,1719489599999,1727850.96340000,8281,1292919.70000000,1018619.15926000,0
1719489600000,0.79400000,0.89090000,0.78830000,0.85990000,15952973.90000000,1719503999999,13653777.29476000,62213,8545866.00000000,7307257.14321000,0
1719504000000,0.86030000,0.86880000,0.82890000,0.85310000,6927889.60000000,1719518399999,5881108.62821000,27657,3007312.50000000,2561863.99340000,0
1719518400000,0.85390000,0.86220000,0.85040000,0.85530000,2081875.00000000,1719532799999,1783451.80065000,8571,1067759.80000000,914620.79768000,0
1719532800000,0.85510000,0.86950000,0.83850000,0.84910000,3095370.10000000,1719547199999,2638601.19216000,13211,1503558.00000000,1283196.29399000,0
1719547200000,0.84910000,0.84980000,0.82470000,0.83170000,2077067.30000000,1719561599999,1726629.22148000,8886,1116601.60000000,927750.03982000,0
1719561600000,0.83160000,0.83580000,0.82740000,0.83130000,1534323.50000000,1719575999999,1276168.94614000,7733,874052.30000000,727111.46531000,0
1719576000000,0.83110000,0.84290000,0.80380000,0.82120000,5463968.00000000,1719590399999,4483496.83431000,20716,2525104.70000000,2076015.54980000,0
1719590400000,0.82150000,0.82560000,0.79660000,0.79970000,3524249.50000000,1719604799999,2853427.14025000,14079,1903282.80000000,1542100.58508000,0
1719604800000,0.79990000,0.80450000,0.78590000,0.79110000,1233262.10000000,1719619199999,978784.29266000,5225,633202.60000000,502579.17919000,0
1719619200000,0.79090000,0.81480000,0.78940000,0.80960000,1823516.90000000,1719633599999,1465246.14377000,6841,1066312.00000000,856014.15049000,0
1719633600000,0.80960000,0.81560000,0.79730000,0.81070000,1836534.90000000,1719647999999,1477873.53403000,6351,863359.20000000,694368.81927000,0
1719648000000,0.81070000,0.82010000,0.80740000,0.81620000,1343634.00000000,1719662399999,1093147.24025000,5211,708462.10000000,576620.50005000,0
1719662400000,0.81680000,0.81880000,0.80430000,0.81510000,1107057.10000000,1719676799999,897986.36115000,3931,528190.30000000,428541.18601000,0
1719676800000,0.81480000,0.81550000,0.80000000,0.80560000,934768.30000000,1719691199999,754455.12629000,3924,581416.30000000,469171.65330000,0
1719691200000,0.80560000,0.80820000,0.78890000,0.79530000,1109113.20000000,1719705599999,882155.78357000,4421,557310.50000000,443293.94419000,0
1719705600000,0.79560000,0.80280000,0.78000000,0.78560000,2028498.90000000,1719719999999,1602367.70702000,8038,1124301.50000000,888588.58966000,0
1719720000000,0.78550000,0.80260000,0.77480000,0.79640000,1966266.40000000,1719734399999,1549225.02997000,7681,889824.30000000,701844.15912000,0
1719734400000,0.79680000,0.80600000,0.79210000,0.79850000,1638706.30000000,1719748799999,1309703.73551000,6198,1030512.70000000,823534.94606000,0
1719748800000,0.79890000,0.81670000,0.79360000,0.81470000,1676116.00000000,1719763199999,1349683.09844000,6691,1037459.50000000,835728.93606000,0
1719763200000,0.81450000,0.82250000,0.80740000,0.81700000,2453319.80000000,1719777599999,1997327.03850000,8831,1331515.50000000,1084131.67489000,0
1719777600000,0.81720000,0.82810000,0.80530000,0.81980000,2553813.40000000,1719791999999,2089662.01723000,9887,1364439.00000000,1115994.15291000,0
